id,bouwjaar
"0363100012167920","1852"
"0363100012169158","1775"
"0363100012172019","1990"
"0363100012175983","1660"
"0363100012176078","1670"
"0363100012177698","1970"
"0363100012177791","1929"
"0363100012180045","1905"
"0363100012182655","1955"
"0363100012571333","1672"
"0363100012168352","1688"
"0363100012171199","1905"
"0363100012175519","1900"
"0363100012175891","1763"
"0363100012177263","1706"
"0363100012178574","1956"
"0363100012178686","1685"
"0363100012179786","1005"
"0363100012180154","1740"
"0363100012180456","1909"
"0363100012182512","1985"
"0363100012182646","1862"
"0363100012182805","1939"
"0363100012249547","2019"
"0363100012254438","2022"
"0363100012168257","1934"
"0363100012178681","1690"
"0363100012179336","1688"
"0363100012179874","1726"
"0363100012181105","1924"
"0363100012182354","1984"
"0363100012183059","1988"
"0363100012185844","1996"
"0363100012165049","1700"
"0363100012167905","1672"
"0363100012168383","1770"
"0363100012170429","1889"
"0363100012171556","1988"
"0363100012175506","1715"
"0363100012176302","1732"
"0363100012177097","1650"
"0363100012177774","1744"
"0363100012177869","1770"
"0363100012179536","1658"
"0363100012181897","1005"
"0363100012182757","1672"
"0363100012253866","1905"
"0363100012254455","2022"
"0363100012165047","1670"
"0363100012168351","1729"
"0363100012171377","1905"
"0363100012175219","1824"
"0363100012175956","1780"
"0363100012178657","1641"
"0363100012179130","1822"
"0363100012179132","1842"
"0363100012181206","1896"
"0363100012181861","1902"
"0363100012182059","1005"
"0363100012182943","1740"
"0363100012167923","1005"
"0363100012178099","1985"
"0363100012178308","1822"
"0363100012178659","1763"
"0363100012178832","1905"
"0363100012178959","1724"
"0363100012179339","1005"
"0363100012179544","1905"
"0363100012181849","1992"
"0363100012182268","1685"
"0363100012254458","2022"
"0363100012165084","1741"
"0363100012165111","1925"
"0363100012169214","1932"
"0363100012170312","1938"
"0363100012171130","1736"
"0363100012171691","1830"
"0363100012178094","1005"
"0363100012178736","1732"
"0363100012180301","1675"
"0363100012180413","1674"
"0363100012181286","1981"
"0363100012181355","1005"
"0363100012182928","1896"
"0363100012165559","1905"
"0363100012168195","1972"
"0363100012168322","1928"
"0363100012168327","1990"
"0363100012168382","1696"
"0363100012175154","1720"
"0363100012176235","1705"
"0363100012176251","1983"
"0363100012179288","1933"
"0363100012179393","1005"
"0363100012180030","1625"
"0363100012182501","1905"
"0363100012171205","1726"
"0363100012171559","1611"
"0363100012175655","1800"
"0363100012176770","1773"
"0363100012178653","1701"
"0363100012179210","1837"
"0363100012179547","1735"
"0363100012182068","1938"
"0363100012182229","1700"
"0363100012168056","1905"
"0363100012169748","1771"
"0363100012171549","1973"
"0363100012171739","1746"
"0363100012177625","1660"
"0363100012180187","1695"
"0363100012180336","1615"
"0363100012253808","1910"
"0363100012167620","1765"
"0363100012168482","1966"
"0363100012170562","1998"
"0363100012172016","1745"
"0363100012175300","1740"
"0363100012175649","1745"
"0363100012175756","1905"
"0363100012176921","1759"
"0363100012179387","1752"
"0363100012179528","1749"
"0363100012180452","1923"
"0363100012181094","1901"
"0363100012181525","1864"
"0363100012182505","1005"
"0363100012182569","1857"
"0363100012185926","1732"
"0363100012254440","2022"
"0363100012254454","2022"
"0363100012164961","1882"
"0363100012167486","1685"
"0363100012167553","1735"
"0363100012169213","1932"
"0363100012171417","1620"
"0363100012171583","1785"
"0363100012175302","1703"
"0363100012178116","1905"
"0363100012178767","1672"
"0363100012179134","1917"
"0363100012181856","1995"
"0363100012182661","1912"
"0363100012253838","1886"
"0363100012168185","1736"
"0363100012168319","1746"
"0363100012172018","1889"
"0363100012175024","1762"
"0363100012175222","1900"
"0363100012175625","1830"
"0363100012175765","1988"
"0363100012176084","1910"
"0363100012176238","1905"
"0363100012178370","1905"
"0363100012179526","1887"
"0363100012182629","1700"
"0363100012182691","1927"
"0363100012185994","1961"
"0363100012253757","1882"
"0363100012253961","1915"
"0363100012571495","1741"
"0363100012164947","1932"
"0363100012168533","1839"
"0363100012172051","1725"
"0363100012175517","1905"
"0363100012175627","1905"
"0363100012175762","1635"
"0363100012175763","1635"
"0363100012179958","1873"
"0363100012181103","1894"
"0363100012181852","1930"
"0363100012181975","2014"
"0363100012182215","1005"
"0363100012182730","1825"
"0363100012168345","1668"
"0363100012171376","1986"
"0363100012175639","1905"
"0363100012175887","1750"
"0363100012176128","1732"
"0363100012176247","1891"
"0363100012177102","1905"
"0363100012178625","1972"
"0363100012180209","1005"
"0363100012181872","1683"
"0363100012181891","1005"
"0363100012254465","2022"
"0363100012168256","1732"
"0363100012170377","1967"
"0363100012175490","1777"
"0363100012177204","1650"
"0363100012177678","1739"
"0363100012180457","1923"
"0363100012186194","2000"
"0363100012170916","1983"
"0363100012171383","1871"
"0363100012171566","1905"
"0363100012175022","1711"
"0363100012175354","1747"
"0363100012175471","1005"
"0363100012175657","1707"
"0363100012176767","1931"
"0363100012180917","1804"
"0363100012181362","1870"
"0363100012182088","1987"
"0363100012182496","1668"
"0363100012182688","1901"
"0363100012182911","1680"
"0363100012241366","2015"
"0363100012249774","1954"
"0363100012165044","1670"
"0363100012165125","1667"
"0363100012167518","1729"
"0363100012171238","1560"
"0363100012175220","1977"
"0363100012178584","1700"
"0363100012178695","1680"
"0363100012178970","1701"
"0363100012179535","1715"
"0363100012182495","1877"
"0363100012167565","1964"
"0363100012176082","1935"
"0363100012178225","1785"
"0363100012182018","1887"
"0363100012185595","1965"
"0363100012571632","1905"
"0363100012169744","1896"
"0363100012175487","1900"
"0363100012175498","1455"
"0363100012176329","1905"
"0363100012178684","1698"
"0363100012178790","1675"
"0363100012180157","1737"
"0363100012181097","1887"
"0363100012181762","1800"
"0363100012182755","1736"
"0363100012182933","1785"
"0363100012165122","1750"
"0363100012168530","1987"
"0363100012170305","1891"
"0363100012170684","1981"
"0363100012175885","1729"
"0363100012177624","1709"
"0363100012177817","1905"
"0363100012182424","1697"
"0363100012182632","1941"
"0363100012182731","1805"
"0363100012165113","1650"
"0363100012171046","1905"
"0363100012171058","1723"
"0363100012171712","1900"
"0363100012175015","1005"
"0363100012175275","1719"
"0363100012175311","1734"
"0363100012178905","1905"
"0363100012178962","1731"
"0363100012181370","1866"
"0363100012164939","1771"
"0363100012164958","1718"
"0363100012167506","1891"
"0363100012170625","1695"
"0363100012175886","1005"
"0363100012175959","1769"
"0363100012177830","1912"
"0363100012180414","1890"
"0363100012181768","1810"
"0363100012182462","1986"
"0363100012182611","1905"
"0363100012183081","1852"
"0363100012186195","2000"
"0363100012246214","2017"
"0363100012167557","1940"
"0363100012167600","1675"
"0363100012170356","1924"
"0363100012171099","1995"
"0363100012175317","1699"
"0363100012175465","1742"
"0363100012175630","1844"
"0363100012178101","1986"
"0363100012178166","1005"
"0363100012181095","1902"
"0363100012181188","1884"
"0363100012181441","1866"
"0363100012182948","1987"
"0363100012254443","2022"
"0363100012254444","2022"
"0363100012168336","1740"
"0363100012175877","1930"
"0363100012178650","1905"
"0363100012178711","1761"
"0363100012180133","1903"
"0363100012180156","1762"
"0363100012182050","1938"
"0363100012182071","1938"
"0363100012164945","1883"
"0363100012167622","1740"
"0363100012170875","1743"
"0363100012171183","1905"
"0363100012171321","1905"
"0363100012175340","1698"
"0363100012177446","1904"
"0363100012178533","1741"
"0363100012180942","1891"
"0363100012181114","1852"
"0363100012181116","1851"
"0363100012183110","1905"
"0363100012167566","1964"
"0363100012175715","1742"
"0363100012178532","1992"
"0363100012179622","1711"
"0363100012180916","1776"
"0363100012182578","1900"
"0363100012182608","1830"
"0363100012183077","1905"
"0363100012165490","1964"
"0363100012177086","1772"
"0363100012178207","1689"
"0363100012181439","1839"
"0363100012185779","1955"
"0363100012165078","1923"
"0363100012165499","1985"
"0363100012171558","1841"
"0363100012178529","1803"
"0363100012181438","1848"
"0363100012182266","1935"
"0363100012182432","1905"
"0363100012183052","1986"
"0363100012183114","1748"
"0363100012168289","1732"
"0363100012169734","1985"
"0363100012170364","1927"
"0363100012171628","1984"
"0363100012175259","1762"
"0363100012175653","1005"
"0363100012176234","1705"
"0363100012177104","1687"
"0363100012177126","1730"
"0363100012177778","1758"
"0363100012182219","1988"
"0363100012182606","1827"
"0363100012171186","1974"
"0363100012176079","1905"
"0363100012177859","1768"
"0363100012179390","1713"
"0363100012179398","1650"
"0363100012179858","1996"
"0363100012179883","1748"
"0363100012180946","1005"
"0363100012182067","1938"
"0363100012165556","1742"
"0363100012168462","1005"
"0363100012171341","1978"
"0363100012175273","1965"
"0363100012175277","1905"
"0363100012176150","1695"
"0363100012178206","1689"
"0363100012178846","1905"
"0363100012179475","1722"
"0363100012182073","1938"
"0363100012182092","1889"
"0363100012182898","1767"
"0363100012167898","1688"
"0363100012167906","1824"
"0363100012170257","1699"
"0363100012171133","1985"
"0363100012171428","1936"
"0363100012171618","1877"
"0363100012175473","1905"
"0363100012178735","1760"
"0363100012179248","1005"
"0363100012181358","1832"
"0363100012181883","1991"
"0363100012182095","1900"
"0363100012182604","1978"
"0363100012182616","1983"
"0363100012183002","1862"
"0363100012183073","1822"
"0363100012168191","1734"
"0363100012170298","1891"
"0363100012171092","1904"
"0363100012175261","1743"
"0363100012175652","1005"
"0363100012176161","1734"
"0363100012177163","1784"
"0363100012177866","1005"
"0363100012179533","1735"
"0363100012179540","1652"
"0363100012180459","1005"
"0363100012186097","1982"
"0363100012167503","1005"
"0363100012168321","1777"
"0363100012168466","1610"
"0363100012169208","1715"
"0363100012175166","1770"
"0363100012175262","1745"
"0363100012178965","1665"
"0363100012182200","1857"
"0363100012182683","1931"
"0363100012185506","1765"
"0363100012164936","1886"
"0363100012167602","1790"
"0363100012169736","2000"
"0363100012170564","1932"
"0363100012171934","1980"
"0363100012178098","1990"
"0363100012178824","1704"
"0363100012180086","1710"
"0363100012180197","1875"
"0363100012181202","1933"
"0363100012181759","1796"
"0363100012181904","1938"
"0363100012571673","1905"
"0363100012170446","1746"
"0363100012176138","1750"
"0363100012177687","1005"
"0363100012177783","1905"
"0363100012178080","1905"
"0363100012178222","1825"
"0363100012178363","1733"
"0363100012178365","1905"
"0363100012179331","1005"
"0363100012179884","1746"
"0363100012180160","1718"
"0363100012180466","1891"
"0363100012180936","1891"
"0363100012182654","1851"
"0363100012186196","1661"
"0363100012167891","1964"
"0363100012168395","1710"
"0363100012169335","1940"
"0363100012171098","1737"
"0363100012171251","1739"
"0363100012175025","1961"
"0363100012176076","1809"
"0363100012178119","1905"
"0363100012180461","1951"
"0363100012180903","1871"
"0363100012182756","1672"
"0363100012183064","1763"
"0363100012571558","1850"
"0363100012171700","1980"
"0363100012176764","1722"
"0363100012178142","1650"
"0363100012180922","1776"
"0363100012181761","1988"
"0363100012181835","1858"
"0363100012182090","1869"
"0363100012182528","1978"
"0363100012182609","1723"
"0363100012182767","1862"
"0363100012185996","1722"
"0363100012168184","1894"
"0363100012168377","1738"
"0363100012171160","1745"
"0363100012175353","1906"
"0363100012179302","1671"
"0363100012179345","1667"
"0363100012182070","1938"
"0363100012182216","1005"
"0363100012253942","1870"
"0363100100091824","2000"
"0363100012177827","1888"
"0363100012180165","1777"
"0363100012180409","1733"
"0363100012170420","1785"
"0363100012171121","1772"
"0363100012171741","1639"
"0363100012175673","1650"
"0363100012176081","1935"
"0363100012177870","1990"
"0363100012179384","2001"
"0363100012179469","1738"
"0363100012179548","1934"
"0363100012179631","1672"
"0363100012253747","1848"
"0363100012168535","1651"
"0363100012171828","1792"
"0363100012172053","1929"
"0363100012175557","1863"
"0363100012178771","1764"
"0363100012180919","1792"
"0363100012182740","1865"
"0363100012250980","1662"
"0363100012165371","1005"
"0363100012171057","1905"
"0363100012175255","1749"
"0363100012179462","1766"
"0363100012179952","1905"
"0363100012181201","1905"
"0363100012181967","1005"
"0363100012183082","1854"
"0363100012169340","1905"
"0363100012171089","1005"
"0363100012171575","1673"
"0363100012171998","1937"
"0363100012177257","1727"
"0363100012182468","1759"
"0363100012183009","1982"
"0363100012246221","2017"
"0363100012171288","1884"
"0363100012177436","1690"
"0363100012178654","1730"
"0363100012178775","1870"
"0363100012178883","1734"
"0363100012180309","1905"
"0363100012182065","1893"
"0363100012249701","2020"
"0363100012571491","1755"
"0363100012168481","1667"
"0363100012171085","1710"
"0363100012171749","1725"
"0363100012172052","1988"
"0363100012176745","1680"
"0363100012177440","1974"
"0363100012178836","1005"
"0363100012181907","1824"
"0363100012182241","1778"
"0363100012182695","1905"
"0363100012183007","1990"
"0363100012183053","1985"
"0363100012171175","1728"
"0363100012171838","1905"
"0363100012179401","1698"
"0363100012181766","1005"
"0363100012165010","1703"
"0363100012171169","1005"
"0363100012175586","1850"
"0363100012176166","1875"
"0363100012177441","1670"
"0363100012179887","1753"
"0363100012182011","1891"
"0363100012182570","1877"
"0363100012182681","1762"
"0363100012248811","1942"
"0363100012168337","1905"
"0363100012171931","1756"
"0363100012175267","1650"
"0363100012175600","1759"
"0363100012175664","1988"
"0363100012177688","1731"
"0363100012178117","1779"
"0363100012178131","1688"
"0363100012178754","1905"
"0363100012178770","1733"
"0363100012180260","1762"
"0363100012183010","1982"
"0363100012254447","2022"
"0363100012254452","2022"
"0363100012167554","1741"
"0363100012170263","1934"
"0363100012175561","1740"
"0363100012175750","1772"
"0363100012176757","1670"
"0363100012177696","1750"
"0363100012178827","1717"
"0363100012179247","1990"
"0363100012179776","1005"
"0363100012182063","1005"
"0363100012170367","1998"
"0363100012171508","1704"
"0363100012171683","1905"
"0363100012175493","1787"
"0363100012176065","1690"
"0363100012178854","1675"
"0363100012179292","1712"
"0363100012179780","1673"
"0363100012170261","1820"
"0363100012170682","2012"
"0363100012170847","1905"
"0363100012171994","1613"
"0363100012175034","1750"
"0363100012175159","1755"
"0363100012175299","1737"
"0363100012175355","1749"
"0363100012177123","1900"
"0363100012179218","1685"
"0363100012180207","1005"
"0363100012180460","1903"
"0363100012182224","1700"
"0363100012182625","1672"
"0363100012182941","1710"
"0363100012164935","1980"
"0363100012171546","1871"
"0363100012175606","1635"
"0363100012177100","1806"
"0363100012178590","1995"
"0363100012179291","1705"
"0363100012182208","1956"
"0363100012167610","1683"
"0363100012170618","1905"
"0363100012175626","1005"
"0363100012175764","1769"
"0363100012178100","1905"
"0363100012178776","1905"
"0363100012179545","1758"
"0363100012180949","1005"
"0363100012181127","1981"
"0363100012181758","1802"
"0363100012182035","1857"
"0363100012182209","1956"
"0363100012254467","2022"
"0363100012171374","1986"
"0363100012171387","1940"
"0363100012175508","1858"
"0363100012176156","1005"
"0363100012176768","1975"
"0363100012176934","1720"
"0363100012177820","1812"
"0363100012178872","1912"
"0363100012178906","1828"
"0363100012181361","1870"
"0363100012182183","1968"
"0363100012182348","1952"
"0363100012182349","1773"
"0363100012182989","1988"
"0363100012170254","1938"
"0363100012171692","1793"
"0363100012175755","2018"
"0363100012177718","1597"
"0363100012178828","1650"
"0363100012181615","1690"
"0363100012182521","1005"
"0363100012182605","1983"
"0363100012254448","2022"
"0363100012165124","1700"
"0363100012167550","1648"
"0363100012167896","1730"
"0363100012168144","1731"
"0363100012171379","1905"
"0363100012171561","1605"
"0363100012172021","1935"
"0363100012177863","1716"
"0363100012178855","1741"
"0363100012179876","1742"
"0363100012180158","1754"
"0363100012180302","1720"
"0363100012181857","1005"
"0363100012182937","1700"
"0363100012253862","1905"
"0363100012255080","2022"
"0363100012571490","1700"
"0363100012167483","1695"
"0363100012168180","1728"
"0363100012169749","2022"
"0363100012175168","1928"
"0363100012175227","1770"
"0363100012175592","1905"
"0363100012177784","1732"
"0363100012178583","1727"
"0363100012178673","1698"
"0363100012178908","1932"
"0363100012182430","1680"
"0363100012165048","1905"
"0363100012168483","1651"
"0363100012171545","1985"
"0363100012175680","1650"
"0363100012177815","1664"
"0363100012178884","1760"
"0363100012182352","1757"
"0363100012182754","1900"
"0363100012186088","1800"
"0363100012253962","1909"
"0363100012171174","1585"
"0363100012172042","1726"
"0363100012177155","1655"
"0363100012178646","1905"
"0363100012178706","1005"
"0363100012178947","1727"
"0363100012178964","1726"
"0363100012179300","1837"
"0363100012179956","1776"
"0363100012180200","1005"
"0363100012183090","1906"
"0363100012570567","1670"
"0363100012168451","1675"
"0363100012170841","1857"
"0363100012175036","1884"
"0363100012175304","1759"
"0363100012175629","1935"
"0363100012178091","1858"
"0363100012180135","1690"
"0363100012180941","1891"
"0363100012181210","1884"
"0363100012181880","1940"
"0363100012182175","1902"
"0363100012182504","1827"
"0363100012182797","1983"
"0363100012182897","1672"
"0363100012253732","1891"
"0363100012571679","1810"
"0363100012165494","1672"
"0363100012167490","1690"
"0363100012171565","1905"
"0363100012175260","1776"
"0363100012177862","1005"
"0363100012178796","1728"
"0363100012180161","1720"
"0363100012181295","1704"
"0363100012182037","1671"
"0363100012182553","1905"
"0363100012183065","1825"
"0363100012254917","2021"
"0363100012170900","1970"
"0363100012171675","1668"
"0363100012175758","1905"
"0363100012175989","1660"
"0363100012177693","1929"
"0363100012177746","1768"
"0363100012180340","1635"
"0363100012182270","1791"
"0363100012182607","1983"
"0363100012182905","1983"
"0363100012164957","1905"
"0363100012169747","1962"
"0363100012170375","1921"
"0363100012170560","1960"
"0363100012171836","1956"
"0363100012175155","1779"
"0363100012176759","1005"
"0363100012178146","1932"
"0363100012178613","1880"
"0363100012178886","1706"
"0363100012180918","1764"
"0363100012182795","1933"
"0363100012167519","1896"
"0363100012170493","1938"
"0363100012176250","1724"
"0363100012178151","1625"
"0363100012178198","1725"
"0363100012178628","1727"
"0363100012180458","1953"
"0363100012181284","1789"
"0363100012181821","1855"
"0363100012181882","1667"
"0363100012253949","1913"
"0363100012571502","1719"
"0363100012167902","1669"
"0363100012178756","1740"
"0363100012178800","1894"
"0363100012179344","1005"
"0363100012180468","1891"
"0363100012181217","1737"
"0363100012182325","1905"
"0363100012182945","1700"
"0363100012571628","1905"
"0363100012170255","1675"
"0363100012171059","1905"
"0363100012171204","1680"
"0363100012175751","1723"
"0363100012176073","1717"
"0363100012179400","1694"
"0363100012179537","1005"
"0363100012181442","1866"
"0363100012181833","1819"
"0363100012182217","1985"
"0363100012182732","1826"
"0363100012254445","2022"
"0363100012169211","1730"
"0363100012175011","1005"
"0363100012175269","1912"
"0363100012175514","1765"
"0363100012175667","1905"
"0363100012176060","1931"
"0363100012177272","1888"
"0363100012178124","1005"
"0363100012178680","1005"
"0363100012180945","1005"
"0363100012181800","1938"
"0363100012182239","1005"
"0363100012182358","1817"
"0363100012185849","1750"
"0363100012570810","1615"
"0363100012165500","1985"
"0363100012167615","1761"
"0363100012167899","1675"
"0363100012168193","2022"
"0363100012176070","1744"
"0363100012176137","1911"
"0363100012176928","1756"
"0363100012177629","1750"
"0363100012178217","1914"
"0363100012182463","1877"
"0363100012182986","1978"
"0363100012175164","1695"
"0363100012177178","1716"
"0363100012178851","1897"
"0363100012180131","1723"
"0363100012182346","1775"
"0363100012182938","1890"
"0363100012168046","1733"
"0363100012170624","1905"
"0363100012171544","1931"
"0363100012175671","1735"
"0363100012177262","1650"
"0363100012178090","1990"
"0363100012178658","1905"
"0363100012179527","1710"
"0363100012179881","1762"
"0363100012180467","1891"
"0363100012180906","1845"
"0363100012181296","1929"
"0363100012181802","1984"
"0363100012183060","1701"
"0363100012170921","1793"
"0363100012177860","1709"
"0363100012178670","1675"
"0363100012178691","1936"
"0363100012178784","1913"
"0363100012179135","1814"
"0363100012180072","1728"
"0363100012180909","1776"
"0363100012168485","1856"
"0363100012171096","1738"
"0363100012175732","1005"
"0363100012175986","1699"
"0363100012177602","1720"
"0363100012177772","1900"
"0363100012178097","1985"
"0363100012178215","1770"
"0363100012182044","1694"
"0363100012170854","2000"
"0363100012175805","1905"
"0363100012176318","1732"
"0363100012180198","1005"
"0363100012181356","1875"
"0363100012181980","1905"
"0363100012182099","1774"
"0363100012182689","1905"
"0363100012182743","1927"
"0363100012183089","1857"
"0363100012254461","2022"
"0363100012167472","1799"
"0363100012167568","1708"
"0363100012167599","1743"
"0363100012167618","2003"
"0363100012171569","1673"
"0363100012175270","1733"
"0363100012175559","1759"
"0363100012177273","1690"
"0363100012178774","1900"
"0363100012182802","1835"
"0363100012170430","1811"
"0363100012171100","1788"
"0363100012171134","1985"
"0363100012171369","1632"
"0363100012175224","1750"
"0363100012175992","1005"
"0363100012176319","1905"
"0363100012177206","1005"
"0363100012177692","1929"
"0363100012178856","1755"
"0363100012179463","1005"
"0363100012182247","1766"
"0363100012168342","1818"
"0363100012171157","1650"
"0363100012171184","1883"
"0363100012175512","1005"
"0363100012175555","1650"
"0363100012178088","1761"
"0363100012178150","1905"
"0363100012179543","1905"
"0363100012180152","1737"
"0363100012181204","1932"
"0363100012182810","1671"
"0363100012182910","1859"
"0363100012571661","1991"
"0363100012165493","1672"
"0363100012178381","1905"
"0363100012178581","1739"
"0363100012180231","1905"
"0363100012183112","1863"
"0363100012165127","1752"
"0363100012165555","1786"
"0363100012167897","1905"
"0363100012171239","1700"
"0363100012175158","1683"
"0363100012175714","1791"
"0363100012175748","1914"
"0363100012177684","1737"
"0363100012177874","1755"
"0363100012178145","1932"
"0363100012181030","1802"
"0363100012182331","1983"
"0363100012182812","1938"
"0363100012571527","1735"
"0363100012167994","1772"
"0363100012167998","1702"
"0363100012168057","1735"
"0363100012168479","1735"
"0363100012171830","1905"
"0363100012175014","1763"
"0363100012175814","1884"
"0363100012176839","1718"
"0363100012179107","1905"
"0363100012181970","1005"
"0363100012182039","1984"
"0363100012182234","1905"
"0363100012251815","1005"
"0363100012167617","1709"
"0363100012168349","1725"
"0363100012170358","1902"
"0363100012170427","1794"
"0363100012170917","1733"
"0363100012176055","1823"
"0363100012176933","1812"
"0363100012178143","1765"
"0363100012179957","1980"
"0363100012182327","1995"
"0363100012168333","1739"
"0363100012171375","1869"
"0363100012172020","1721"
"0363100012175513","1714"
"0363100012176233","1678"
"0363100012177826","1690"
"0363100012178850","1769"
"0363100012179529","1655"
"0363100012180071","1778"
"0363100012181029","1964"
"0363100012181266","1891"
"0363100012182049","1878"
"0363100012167489","1685"
"0363100012167560","1650"
"0363100012167926","1900"
"0363100012167959","1666"
"0363100012168525","1735"
"0363100012170912","1905"
"0363100012171382","1850"
"0363100012175599","1822"
"0363100012175675","1750"
"0363100012175728","1821"
"0363100012176746","1680"
"0363100012178219","1777"
"0363100012178374","1732"
"0363100012179124","1905"
"0363100012179211","1710"
"0363100012181028","1005"
"0363100012182466","1690"
"0363100012165011","1732"
"0363100012171083","1005"
"0363100012171128","1719"
"0363100012171413","1697"
"0363100012178662","1900"
"0363100012178733","1643"
"0363100012179305","1690"
"0363100012179630","1670"
"0363100012180048","1700"
"0363100012181765","1756"
"0363100012182212","1796"
"0363100012167601","1793"
"0363100012168045","1886"
"0363100012170313","2007"
"0363100012171814","1749"
"0363100012171837","1723"
"0363100012175030","1735"
"0363100012176240","1005"
"0363100012178665","1687"
"0363100012179136","1810"
"0363100012179394","1990"
"0363100012180913","1005"
"0363100012182244","1900"
"0363100012182574","1675"
"0363100012165763","1982"
"0363100012177202","1750"
"0363100012178164","1905"
"0363100012178364","1716"
"0363100012179388","2004"
"0363100012179628","1914"
"0363100012181363","1878"
"0363100012183006","1990"
"0363100012167976","1905"
"0363100012168190","1792"
"0363100012168323","1664"
"0363100012171670","1669"
"0363100012180088","1722"
"0363100012182552","1710"
"0363100012182725","1750"
"0363100012170856","1724"
"0363100012171429","1746"
"0363100012175308","1686"
"0363100012175648","1957"
"0363100012177816","1738"
"0363100012179342","1005"
"0363100012181368","1878"
"0363100012182678","1900"
"0363100012182693","1929"
"0363100012185504","1998"
"0363100012571562","2023"
"0363100012176069","1716"
"0363100012176256","1974"
"0363100012180930","1891"
"0363100012182226","1005"
"0363100012185923","1905"
"0363100012170319","1930"
"0363100012170913","1894"
"0363100012171835","1984"
"0363100012178643","1641"
"0363100012178674","1698"
"0363100012179389","1717"
"0363100012181354","1905"
"0363100012182176","1902"
"0363100012182211","1821"
"0363100012182324","1823"
"0363100012182781","1936"
"0363100012182808","1764"
"0363100012185418","1996"
"0363100012165086","1997"
"0363100012171440","1687"
"0363100012171672","1665"
"0363100012175298","1754"
"0363100012178144","1934"
"0363100012178671","1734"
"0363100012178762","1005"
"0363100012178894","1905"
"0363100012181755","1814"
"0363100012181851","1905"
"0363100012571676","1851"
"0363100012170629","1812"
"0363100012171389","1905"
"0363100012175806","1767"
"0363100012176080","1905"
"0363100012176083","1935"
"0363100012176147","1735"
"0363100012177717","1822"
"0363100012178635","1715"
"0363100012181357","1870"
"0363100012181903","1938"
"0363100012182425","1700"
"0363100012182500","1898"
"0363100012170631","1981"
"0363100012171125","1735"
"0363100012171584","1692"
"0363100012171937","1737"
"0363100012175679","1900"
"0363100012178089","1990"
"0363100012179854","1550"
"0363100012180046","1686"
"0363100012180304","1675"
"0363100012181443","1866"
"0363100012182184","1005"
"0363100012168171","1983"
"0363100012168393","1665"
"0363100012169339","1642"
"0363100012170362","1897"
"0363100012170376","1978"
"0363100012175810","1732"
"0363100012178132","1688"
"0363100012178607","1882"
"0363100012182083","1929"
"0363100012182180","1968"
"0363100012182515","2002"
"0363100012182996","1889"
"0363100012168476","1853"
"0363100012171045","1672"
"0363100012175027","1741"
"0363100012175153","1926"
"0363100012175160","1683"
"0363100012175638","1905"
"0363100012176243","1005"
"0363100012179471","1730"
"0363100012182930","1869"
"0363100012183056","1986"
"0363100012170502","1996"
"0363100012171306","1935"
"0363100012171839","1984"
"0363100012175163","1708"
"0363100012175468","2008"
"0363100012177442","1670"
"0363100012178128","1678"
"0363100012181119","1932"
"0363100012181452","1866"
"0363100012182245","1805"
"0363100012182811","1721"
"0363100012253748","1906"
"0363100012164943","1961"
"0363100012168394","1800"
"0363100012170857","1985"
"0363100012171053","1669"
"0363100012171543","1963"
"0363100012177819","1753"
"0363100012178882","1928"
"0363100012180203","1005"
"0363100012180308","1989"
"0363100012181867","1005"
"0363100012182635","1694"
"0363100012182909","1986"
"0363100012246217","2017"
"0363100012253950","1005"
"0363100012168170","1896"
"0363100012170491","1870"
"0363100012170499","1880"
"0363100012171095","1952"
"0363100012171626","1982"
"0363100012177777","1746"
"0363100012177818","1699"
"0363100012179246","1699"
"0363100012179865","1742"
"0363100012180137","1685"
"0363100012180915","1733"
"0363100012182522","1848"
"0363100012182759","1673"
"0363100012170258","1005"
"0363100012171384","1932"
"0363100012176253","1731"
"0363100012178626","1686"
"0363100012179534","1686"
"0363100012180075","1772"
"0363100012181187","1887"
"0363100012183003","1897"
"0363100012254442","2022"
"0363100012167555","1699"
"0363100012168527","1750"
"0363100012171210","1900"
"0363100012171292","1650"
"0363100012171611","1980"
"0363100012175665","1905"
"0363100012175979","1710"
"0363100012177200","1905"
"0363100012178651","1905"
"0363100012178782","1743"
"0363100012182508","1985"
"0363100012182523","1953"
"0363100012253952","1884"
"0363100012571560","1730"
"0363100012165017","1755"
"0363100012165050","1738"
"0363100012175232","1735"
"0363100012175593","1746"
"0363100012177101","1930"
"0363100012178713","1819"
"0363100012178896","1867"
"0363100012179243","1678"
"0363100012179784","1726"
"0363100012180151","1005"
"0363100012181886","1905"
"0363100012183113","1710"
"0363100012167502","1905"
"0363100012168332","1725"
"0363100012168339","1673"
"0363100012171684","1935"
"0363100012178769","1905"
"0363100012179788","1005"
"0363100012182034","1905"
"0363100012182428","1672"
"0363100012182927","1894"
"0363100012185839","1808"
"0363100012254459","2022"
"0363100012571633","1905"
"0363100012165080","1905"
"0363100012168003","1768"
"0363100012175984","1660"
"0363100012178368","1790"
"0363100012178648","1005"
"0363100012178704","1701"
"0363100012178865","1928"
"0363100012179939","1737"
"0363100012180934","1905"
"0363100012182072","1938"
"0363100012182089","1935"
"0363100012182198","1005"
"0363100012182220","1987"
"0363100012182651","1935"
"0363100012167982","1720"
"0363100012170354","1900"
"0363100012171573","1755"
"0363100012171827","1723"
"0363100012171944","1717"
"0363100012175516","1721"
"0363100012178372","1905"
"0363100012178785","1905"
"0363100012180074","1766"
"0363100012182087","1814"
"0363100012185838","1703"
"0363100012165012","1712"
"0363100012175162","1005"
"0363100012177831","1005"
"0363100012182513","1005"
"0363100012182643","1697"
"0363100012182728","1988"
"0363100012183079","1929"
"0363100012170259","1999"
"0363100012171557","1841"
"0363100012175558","1005"
"0363100012175684","1801"
"0363100012179261","1778"
"0363100012179890","1733"
"0363100012181446","1866"
"0363100012182207","1793"
"0363100012570974","2000"
"0363100012571493","1741"
"0363100012571528","2023"
"0363100012168526","1803"
"0363100012169207","1675"
"0363100012169737","1792"
"0363100012171056","1671"
"0363100012171674","1668"
"0363100012176130","1769"
"0363100012176164","1690"
"0363100012177075","1655"
"0363100012179341","1005"
"0363100012181197","1891"
"0363100012170914","1748"
"0363100012175020","1740"
"0363100012175274","1725"
"0363100012176158","1905"
"0363100012178714","1773"
"0363100012178766","1005"
"0363100012179332","1785"
"0363100012182326","1905"
"0363100012168198","1696"
"0363100012170256","1843"
"0363100012171313","1745"
"0363100012171688","1805"
"0363100012175019","1755"
"0363100012175221","1977"
"0363100012175595","1789"
"0363100012175647","1700"
"0363100012175994","1730"
"0363100012176064","1660"
"0363100012176132","1748"
"0363100012178944","1985"
"0363100012179954","1705"
"0363100012180335","1905"
"0363100012181801","1905"
"0363100012182991","1937"
"0363100012165043","1670"
"0363100012171122","1724"
"0363100012171841","1990"
"0363100012175987","1648"
"0363100012176148","1959"
"0363100012176755","1894"
"0363100012180944","1891"
"0363100012181113","1005"
"0363100012181371","1884"
"0363100012181971","1005"
"0363100012182626","1691"
"0363100012182931","1889"
"0363100012168238","1987"
"0363100012169332","1989"
"0363100012175492","1795"
"0363100012175730","1774"
"0363100012175740","1650"
"0363100012177096","1935"
"0363100012178121","1895"
"0363100012178624","1959"
"0363100012179539","1795"
"0363100012181517","1866"
"0363100012246215","2017"
"0363100012253888","1878"
"0363100012170495","1880"
"0363100012170616","1905"
"0363100012170855","2000"
"0363100012171167","1005"
"0363100012171555","1905"
"0363100012171572","1750"
"0363100012175031","1005"
"0363100012176152","1697"
"0363100012176167","1760"
"0363100012178630","1679"
"0363100012178675","1675"
"0363100012180087","1737"
"0363100012180128","1686"
"0363100012182630","1736"
"0363100012183069","1729"
"0363100012248781","2020"
"0363100012172041","1927"
"0363100012176230","1736"
"0363100012176919","1714"
"0363100012178586","1761"
"0363100012178876","1712"
"0363100012179405","1736"
"0363100012179781","1687"
"0363100012182232","1700"
"0363100012182360","1763"
"0363100012182729","1825"
"0363100012183004","1865"
"0363100012253928","1939"
"0363100012171179","1757"
"0363100012175743","1782"
"0363100012179878","1723"
"0363100012179889","1748"
"0363100012181118","1932"
"0363100012181524","1885"
"0363100012571684","1697"
"0363100012168143","1900"
"0363100012169738","1005"
"0363100012171093","1690"
"0363100012171286","1905"
"0363100012171812","1988"
"0363100012175556","1860"
"0363100012175637","1905"
"0363100012175734","1986"
"0363100012176237","1903"
"0363100012176758","1919"
"0363100012178615","1744"
"0363100012178868","1680"
"0363100012179857","1632"
"0363100012181031","1800"
"0363100012181754","1843"
"0363100012181965","2000"
"0363100012175028","1757"
"0363100012175661","1692"
"0363100012175998","1710"
"0363100012176134","1735"
"0363100012177821","1967"
"0363100012178085","1860"
"0363100012179128","1710"
"0363100012179456","1717"
"0363100012168528","1785"
"0363100012169161","1718"
"0363100012177785","1770"
"0363100012179778","1735"
"0363100012179805","1733"
"0363100012182936","1700"
"0363100012183111","1827"
"0363100012571680","1810"
"0363100012167577","1917"
"0363100012167903","1670"
"0363100012168183","2001"
"0363100012168376","1995"
"0363100012170425","1980"
"0363100012170557","1826"
"0363100012171048","1905"
"0363100012175554","1905"
"0363100012176149","1670"
"0363100012178760","1685"
"0363100012180077","1989"
"0363100012182502","1735"
"0363100012182994","1785"
"0363100012183080","1929"
"0363100012167901","1700"
"0363100012167919","1772"
"0363100012171164","1712"
"0363100012171173","1740"
"0363100012178147","1905"
"0363100012180257","2006"
"0363100012181962","1778"
"0363100012182766","1905"
"0363100012165622","1978"
"0363100012170628","1981"
"0363100012170853","1840"
"0363100012178452","1706"
"0363100012179467","1661"
"0363100012180218","1905"
"0363100012181025","1005"
"0363100012181905","1938"
"0363100012182202","1871"
"0363100012182213","1905"
"0363100012251237","1998"
"0363100012168199","1792"
"0363100012168379","1887"
"0363100012169155","1670"
"0363100012170689","1688"
"0363100012171170","1709"
"0363100012178768","1672"
"0363100012178972","1670"
"0363100012179105","1671"
"0363100012179880","1766"
"0363100012182222","1900"
"0363100012182518","2002"
"0363100012168061","1905"
"0363100012168192","1757"
"0363100012170566","2000"
"0363100012170931","1672"
"0363100012175016","1690"
"0363100012175167","1005"
"0363100012176922","1768"
"0363100012178849","1758"
"0363100012181966","2000"
"0363100012182520","1900"
"0363100012182903","1906"
"0363100012168464","1905"
"0363100012171241","1730"
"0363100012175023","1812"
"0363100012175510","1796"
"0363100012176242","1005"
"0363100012178750","1767"
"0363100012181753","1798"
"0363100012182702","1983"
"0363100012571643","1905"
"0363100012165045","1740"
"0363100012167517","1905"
"0363100012167978","1005"
"0363100012169156","1727"
"0363100012170260","1905"
"0363100012171187","1825"
"0363100012171235","1741"
"0363100012175602","1905"
"0363100012175739","1772"
"0363100012178076","1990"
"0363100012178141","1697"
"0363100012178305","1844"
"0363100012178716","1940"
"0363100012178903","1758"
"0363100012179343","1005"
"0363100012170898","1005"
"0363100012171320","1932"
"0363100012175624","1830"
"0363100012178139","1781"
"0363100012179541","1916"
"0363100012179773","1700"
"0363100012181034","1805"
"0363100012182197","1835"
"0363100012182617","1730"
"0363100012247679","1747"
"0363100012168196","1747"
"0363100012169338","1730"
"0363100012170264","1905"
"0363100012175645","1672"
"0363100012175884","1930"
"0363100012177680","1696"
"0363100012179774","1711"
"0363100012182768","1986"
"0363100012168060","1671"
"0363100012170308","2005"
"0363100012177619","1850"
"0363100012178224","1792"
"0363100012179464","1745"
"0363100012179806","1718"
"0363100012179870","1712"
"0363100012181123","1964"
"0363100012167473","1932"
"0363100012167604","1762"
"0363100012168477","1750"
"0363100012170930","1672"
"0363100012175171","1670"
"0363100012176254","1740"
"0363100012178982","1005"
"0363100012182054","1005"
"0363100012183001","1897"
"0363100012164942","1992"
"0363100012170890","1686"
"0363100012170891","1685"
"0363100012171740","1662"
"0363100012175491","1773"
"0363100012175560","1745"
"0363100012175744","1818"
"0363100012175875","1815"
"0363100012178667","1988"
"0363100012178826","1708"
"0363100012181869","1938"
"0363100012182507","1650"
"0363100012244183","2017"
"0363100012254439","2022"
"0363100012167985","1698"
"0363100012168340","1667"
"0363100012169279","1688"
"0363100012170494","1859"
"0363100012170918","1741"
"0363100012175010","1678"
"0363100012175309","1917"
"0363100012175641","1905"
"0363100012178627","1723"
"0363100012178636","1986"
"0363100012180311","1700"
"0363100012182912","1892"
"0363100012254453","2022"
"0363100012164949","1988"
"0363100012171418","1672"
"0363100012171441","1680"
"0363100012171637","1877"
"0363100012175588","1723"
"0363100012175982","1730"
"0363100012177786","1770"
"0363100012178075","1750"
"0363100012178569","1005"
"0363100012178870","1680"
"0363100012178989","1905"
"0363100012179623","1997"
"0363100012180307","1690"
"0363100012182010","1879"
"0363100012185924","1747"
"0363100012171442","1680"
"0363100012176126","1733"
"0363100012179955","1682"
"0363100012182814","1670"
"0363100012571638","1981"
"0363100012165495","1736"
"0363100012167913","1824"
"0363100012167981","1687"
"0363100012171168","1782"
"0363100012175272","1905"
"0363100012178373","1905"
"0363100012178831","1748"
"0363100012182503","1812"
"0363100012182786","1806"
"0363100012183070","2000"
"0363100012183087","1852"
"0363100012175485","1718"
"0363100012175733","1791"
"0363100012176162","1905"
"0363100012177855","1005"
"0363100012178218","1895"
"0363100012178307","1775"
"0363100012178568","1996"
"0363100012178987","1986"
"0363100012181035","1870"
"0363100012181981","1988"
"0363100012182038","1670"
"0363100012182051","1938"
"0363100012254451","2022"
"0363100012165617","2000"
"0363100012175500","1905"
"0363100012178383","1937"
"0363100012180132","1687"
"0363100012180939","1840"
"0363100012181121","1932"
"0363100012181767","1706"
"0363100012182692","1785"
"0363100012168347","1691"
"0363100012169160","1905"
"0363100012170357","1905"
"0363100012170496","1005"
"0363100012171159","1817"
"0363100012171163","1905"
"0363100012175644","1900"
"0363100012177434","1690"
"0363100012178379","1755"
"0363100012178845","1748"
"0363100012181840","1775"
"0363100012182079","1991"
"0363100012182344","1802"
"0363100012182659","1933"
"0363100012170310","1005"
"0363100012175737","1724"
"0363100012175760","1718"
"0363100012176751","1905"
"0363100012178148","1976"
"0363100012178753","1905"
"0363100012179333","1687"
"0363100012179338","1672"
"0363100012181364","1005"
"0363100012181444","1866"
"0363100012182620","1970"
"0363100012185847","1905"
"0363100012571539","1729"
"0363100012170691","1990"
"0363100012171295","1905"
"0363100012171695","1847"
"0363100012175993","1648"
"0363100012177825","1744"
"0363100012178138","1005"
"0363100012178153","1983"
"0363100012178862","1974"
"0363100012180306","1739"
"0363100012181219","1854"
"0363100012182985","1986"
"0363100012183078","1768"
"0363100012254456","2022"
"0363100012170365","1889"
"0363100012171310","1932"
"0363100012171935","1758"
"0363100012175307","1005"
"0363100012178864","1676"
"0363100012178980","1697"
"0363100012179470","1725"
"0363100012179863","1912"
"0363100012180921","1005"
"0363100012181124","1005"
"0363100012182431","1670"
"0363100012182785","1987"
"0363100012182925","1866"
"0363100012182947","1905"
"0363100012182995","1785"
"0363100012178137","1005"
"0363100012179634","1988"
"0363100012179953","1738"
"0363100012181878","1790"
"0363100012182353","1005"
"0363100012182940","1705"
"0363100012165079","1748"
"0363100012167621","1774"
"0363100012170444","1927"
"0363100012171298","1790"
"0363100012175888","1744"
"0363100012176750","1700"
"0363100012176926","1730"
"0363100012178120","1880"
"0363100012180337","1005"
"0363100012182350","1968"
"0363100012182572","1815"
"0363100012183055","1932"
"0363100012246529","2015"
"0363100012253831","1900"
"0363100012175660","1710"
"0363100012175666","1905"
"0363100012178715","1800"
"0363100012179862","1725"
"0363100012180090","1727"
"0363100012180258","1927"
"0363100012167984","1700"
"0363100012170445","1978"
"0363100012171162","1988"
"0363100012171381","1928"
"0363100012175650","1005"
"0363100012176763","1669"
"0363100012177747","1905"
"0363100012178387","1763"
"0363100012178629","1905"
"0363100012178634","1832"
"0363100012178897","1905"
"0363100012182227","1005"
"0363100012182347","1763"
"0363100012182999","1965"
"0363100012165761","1995"
"0363100012171060","1905"
"0363100012175007","1870"
"0363100012175688","1725"
"0363100012179472","1750"
"0363100012179775","1724"
"0363100012180038","1738"
"0363100012180937","1891"
"0363100012181221","2002"
"0363100012165561","1986"
"0363100012167558","1689"
"0363100012168111","1900"
"0363100012175628","1831"
"0363100012178633","1905"
"0363100012178951","1725"
"0363100012180199","1005"
"0363100012180908","1005"
"0363100012181220","1005"
"0363100012571642","1970"
"0363100012167508","1717"
"0363100012171086","1755"
"0363100012176232","1005"
"0363100012177677","1905"
"0363100012178907","1905"
"0363100012179461","1892"
"0363100012180410","1883"
"0363100012181526","1852"
"0363100012252741","2019"
"0363100012254441","2022"
"0363100012254673","1720"
"0363100012571634","1905"
"0363100012168186","1734"
"0363100012168325","1905"
"0363100012171185","1986"
"0363100012171623","1934"
"0363100012177593","1005"
"0363100012178112","1828"
"0363100012178371","1717"
"0363100012179262","1740"
"0363100012180149","1005"
"0363100012181890","1005"
"0363100012182803","1691"
"0363100012182944","1740"
"0363100012185920","1881"
"0363100012571681","1697"
"0363100012171833","1959"
"0363100012175686","1735"
"0363100012176151","1726"
"0363100012177779","1712"
"0363100012178866","1728"
"0363100012179879","1733"
"0363100012182084","1766"
"0363100012182783","1987"
"0363100012183083","1854"
"0363100012254389","2022"
"0363100012571644","1905"
"0363100012164948","1979"
"0363100012176059","1733"
"0363100012178758","1869"
"0363100012178878","1697"
"0363100012181117","1932"
"0363100012181842","1905"
"0363100012182509","1760"
"0363100012169733","1985"
"0363100012171054","1671"
"0363100012171055","1671"
"0363100012177106","1980"
"0363100012177722","1905"
"0363100012177792","1930"
"0363100012178361","1733"
"0363100012178700","1939"
"0363100012178839","1703"
"0363100012180929","1891"
"0363100012181604","1981"
"0363100012182031","1905"
"0363100012182179","1868"
"0363100012182494","1635"
"0363100012182818","1737"
"0363100012167500","1687"
"0363100012168146","1905"
"0363100012168188","1922"
"0363100012170419","1891"
"0363100012171087","1699"
"0363100012175170","1670"
"0363100012176171","1905"
"0363100012176320","1650"
"0363100012180454","1870"
"0363100012182613","1778"
"0363100012170558","1818"
"0363100012170559","1959"
"0363100012171182","1757"
"0363100012171997","1895"
"0363100012176249","1719"
"0363100012177445","1680"
"0363100012178588","1713"
"0363100012178655","1727"
"0363100012178678","1712"
"0363100012178973","1005"
"0363100012180310","1690"
"0363100012182987","1978"
"0363100012571516","1900"
"0363100012165085","1885"
"0363100012171622","1710"
"0363100012176154","1700"
"0363100012177093","1733"
"0363100012177095","1726"
"0363100012178449","1774"
"0363100012178847","1666"
"0363100012182056","1938"
"0363100012182231","1978"
"0363100012182242","1804"
"0363100012182459","1769"
"0363100012182804","1762"
"0363100012243483","2017"
"0363100012254462","2022"
"0363100012168344","1005"
"0363100012176159","1803"
"0363100012179122","1809"
"0363100012179856","1625"
"0363100012179885","1716"
"0363100012181900","1005"
"0363100012181979","1905"
"0363100012182223","1005"
"0363100012182615","1983"
"0363100012571630","1905"
"0363100012167513","1771"
"0363100012170424","1842"
"0363100012171686","1005"
"0363100012175594","1687"
"0363100012175753","1785"
"0363100012176929","1734"
"0363100012178125","1690"
"0363100012178200","1750"
"0363100012178958","1708"
"0363100012180037","1795"
"0363100012180303","1718"
"0363100012181212","1933"
"0363100012182021","1906"
"0363100012183067","1956"
"0363100012170366","1982"
"0363100012170876","1825"
"0363100012171308","1938"
"0363100012175226","1729"
"0363100012175339","1680"
"0363100012177689","1990"
"0363100012178632","1723"
"0363100012179109","1727"
"0363100012179777","1714"
"0363100012179886","1719"
"0363100012182045","1998"
"0363100012182204","1905"
"0363100012182461","1739"
"0363100012182680","1954"
"0363100012254460","2022"
"0363100012254543","1916"
"0363100012168201","1970"
"0363100012171051","1905"
"0363100012171123","1729"
"0363100012175681","1769"
"0363100012176248","1850"
"0363100012176765","1723"
"0363100012177679","1718"
"0363100012177788","1711"
"0363100012178953","1742"
"0363100012181961","1732"
"0363100012171582","1683"
"0363100012178677","1964"
"0363100012179392","1724"
"0363100012179782","1640"
"0363100012182055","1005"
"0363100012182345","1955"
"0363100012165498","1806"
"0363100012170437","1819"
"0363100012170555","1960"
"0363100012171378","1986"
"0363100012175266","1798"
"0363100012175880","1005"
"0363100012249776","1913"
"0363100012167475","1752"
"0363100012167514","1773"
"0363100012168413","1919"
"0363100012175658","1700"
"0363100012180256","1773"
"0363100012181839","1790"
"0363100012182622","1715"
"0363100012167975","1976"
"0363100012168142","1768"
"0363100012168194","2000"
"0363100012171386","1600"
"0363100012175301","1990"
"0363100012178900","1905"
"0363100012182015","1905"
"0363100012182621","1791"
"0363100012182658","1826"
"0363100012182776","1827"
"0363100012249775","1625"
"0363100012571538","1729"
"0363100012167619","1755"
"0363100012171748","1607"
"0363100012176754","1670"
"0363100012178852","1728"
"0363100012178902","1805"
"0363100012180907","1005"
"0363100012181037","1829"
"0363100012182062","1938"
"0363100012246212","2017"
"0363100012254082","1994"
"0363100012165115","1741"
"0363100012171385","1793"
"0363100012176131","1761"
"0363100012178214","1725"
"0363100012178571","1658"
"0363100012178737","1718"
"0363100012180412","1632"
"0363100012180938","1851"
"0363100012181297","1916"
"0363100012183058","1982"
"0363100012170840","1879"
"0363100012171127","1898"
"0363100012171213","1850"
"0363100012171405","1886"
"0363100012175033","1759"
"0363100012177685","1966"
"0363100012177857","1706"
"0363100012178904","1711"
"0363100012178961","1724"
"0363100012179633","1905"
"0363100012180155","1732"
"0363100012182934","1962"
"0363100012241058","2009"
"0363100012164955","1959"
"0363100012170320","1887"
"0363100012171253","1650"
"0363100012175021","1770"
"0363100012176077","1738"
"0363100012177152","1707"
"0363100012177822","1756"
"0363100012178157","1821"
"0363100012179306","1690"
"0363100012179626","1727"
"0363100012180206","1775"
"0363100012180216","1852"
"0363100012182243","1840"
"0363100012170919","1718"
"0363100012171172","1778"
"0363100012171431","1988"
"0363100012171509","1754"
"0363100012171689","1829"
"0363100012178362","1842"
"0363100012178703","1822"
"0363100012181608","1850"
"0363100012183057","1905"
"0363100012571517","1900"
"0363100012171314","1905"
"0363100012175305","1736"
"0363100012175754","1993"
"0363100012178699","1905"
"0363100012180049","1686"
"0363100012180299","1688"
"0363100012181868","1905"
"0363100012185781","1705"
"0363100012185999","2004"
"0363100012167510","1766"
"0363100012170439","1979"
"0363100012175683","1740"
"0363100012176136","1756"
"0363100012180141","1863"
"0363100012181300","2005"
"0363100012181512","1005"
"0363100012182036","1905"
"0363100012182993","1905"
"0363100012254446","2022"
"0363100012169741","1756"
"0363100012170438","1979"
"0363100012171317","1934"
"0363100012175752","1754"
"0363100012177832","1005"
"0363100012178871","1740"
"0363100012178885","1905"
"0363100012180230","1700"
"0363100012181036","1870"
"0363100012182519","1900"
"0363100012182906","1906"
"0363100012183005","1865"
"0363100012168174","1735"
"0363100012170500","1870"
"0363100012176053","1799"
"0363100012177683","1905"
"0363100012179259","1669"
"0363100012180036","1777"
"0363100012182935","1785"
"0363100012170302","1955"
"0363100012176747","1680"
"0363100012177627","1687"
"0363100012178152","1984"
"0363100012180136","1860"
"0363100012182690","1983"
"0363100012183076","1987"
"0363100012254437","2022"
"0363100012168002","1739"
"0363100012168475","1625"
"0363100012171287","1825"
"0363100012171290","1720"
"0363100012171315","1744"
"0363100012171373","1665"
"0363100012176842","1740"
"0363100012178639","1736"
"0363100012178899","1742"
"0363100012178966","1720"
"0363100012179960","1837"
"0363100012180044","1706"
"0363100012180129","1905"
"0363100012180234","1675"
"0363100012180462","1873"
"0363100012181033","1816"
"0363100012182576","1659"
"0363100012250982","1662"
"0363100012168331","1721"
"0363100012171124","1760"
"0363100012175035","1905"
"0363100012175503","1905"
"0363100012175749","1735"
"0363100012176072","1727"
"0363100012177088","1723"
"0363100012177103","1722"
"0363100012178213","1905"
"0363100012178825","1905"
"0363100012179478","1765"
"0363100012180073","1741"
"0363100012180905","1845"
"0363100012180935","1905"
"0363100012170842","1854"
"0363100012171165","1829"
"0363100012171206","1496"
"0363100012171293","1898"
"0363100012175634","1672"
"0363100012177600","1750"
"0363100012177867","1905"
"0363100012178209","1992"
"0363100012178697","1980"
"0363100012180464","1890"
"0363100012181115","1960"
"0363100012244423","2014"
"0363100012246213","2017"
"0363100012168391","1713"
"0363100012169154","1670"
"0363100012169746","1738"
"0363100012175169","1669"
"0363100012177676","1720"
"0363100012177814","1956"
"0363100012178109","1005"
"0363100012178795","1739"
"0363100012180339","1635"
"0363100012182357","1905"
"0363100012182451","1984"
"0363100012182627","1691"
"0363100012182645","1960"
"0363100012185780","1705"
"0363100012249128","2018"
"0363100012571049","1851"
"0363100012170353","1902"
"0363100012171840","1984"
"0363100012175596","1739"
"0363100012175726","1005"
"0363100012178797","1764"
"0363100012178977","1005"
"0363100012179346","2000"
"0363100012167507","1755"
"0363100012168054","1711"
"0363100012171547","1973"
"0363100012175651","1717"
"0363100012175889","1788"
"0363100012178575","1772"
"0363100012178610","1773"
"0363100012181828","1905"
"0363100012181855","1916"
"0363100012182098","1834"
"0363100012182221","1005"
"0363100012182983","1976"
"0363100012183066","1779"
"0363100012169209","1688"
"0363100012169331","1897"
"0363100012170505","1876"
"0363100012171091","1890"
"0363100012171294","1762"
"0363100012171571","1747"
"0363100012176135","1719"
"0363100012178893","1905"
"0363100012181110","1005"
"0363100012181196","1891"
"0363100012181889","1766"
"0363100012182656","1804"
"0363100012168536","1741"
"0363100012170433","1891"
"0363100012175640","1905"
"0363100012178799","1675"
"0363100012179787","1005"
"0363100012180313","1840"
"0363100012181214","1981"
"0363100012181301","1740"
"0363100012181803","1816"
"0363100012181902","1957"
"0363100012165123","1715"
"0363100012171619","1888"
"0363100012171903","1746"
"0363100012175470","1780"
"0363100012175605","1815"
"0363100012175980","1660"
"0363100012178140","1847"
"0363100012178869","1680"
"0363100012178960","1726"
"0363100012179629","1750"
"0363100012182426","1697"
"0363100012164941","1772"
"0363100012165291","1663"
"0363100012171638","1662"
"0363100012175013","1850"
"0363100012175228","1804"
"0363100012175495","1996"
"0363100012175742","1789"
"0363100012178162","1905"
"0363100012180031","1921"
"0363100012180300","1670"
"0363100012180904","1005"
"0363100012181877","1809"
"0363100012183054","1992"
"0363100012185925","1767"
"0363100012571492","1741"
"0363100012164944","2002"
"0363100012164953","1866"
"0363100012169740","1966"
"0363100012176923","1734"
"0363100012176932","1691"
"0363100012178126","1675"
"0363100012178880","1723"
"0363100012181039","1870"
"0363100012181125","1847"
"0363100012182742","1927"
"0363100012183008","1965"
"0363100012168341","2001"
"0363100012168463","1748"
"0363100012171188","1905"
"0363100012171407","1937"
"0363100012175807","1986"
"0363100012176930","1718"
"0363100012177694","1761"
"0363100012181853","1789"
"0363100012247448","2018"
"0363100012169731","1992"
"0363100012176760","1905"
"0363100012177203","1713"
"0363100012179807","1722"
"0363100012181026","1005"
"0363100012182201","1935"
"0363100012182460","1905"
"0363100012175172","1969"
"0363100012175303","1707"
"0363100012175466","1720"
"0363100012175489","1733"
"0363100012175812","1846"
"0363100012176748","1680"
"0363100012177380","1707"
"0363100012177780","1650"
"0363100012177877","1763"
"0363100012178073","1752"
"0363100012178223","1905"
"0363100012180201","1005"
"0363100012181222","1848"
"0363100012182181","1905"
"0363100012182516","1820"
"0363100012169212","1899"
"0363100012171319","1716"
"0363100012175656","1709"
"0363100012176301","1642"
"0363100012177005","1759"
"0363100012177091","1748"
"0363100012177269","1770"
"0363100012178786","1717"
"0363100012178942","1751"
"0363100012180150","1717"
"0363100012181032","1802"
"0363100012182043","2003"
"0363100012253837","1005"
"0363100012571657","1905"
"0363100012167485","1690"
"0363100012167997","1756"
"0363100012171996","1905"
"0363100012175504","1905"
"0363100012175518","1905"
"0363100012175670","1742"
"0363100012176153","1996"
"0363100012176168","1927"
"0363100012178360","1736"
"0363100012179260","1669"
"0363100012181976","1803"
"0363100012182816","1704"
"0363100012571639","1981"
"0363100012171671","1905"
"0363100012171991","1966"
"0363100012175552","1874"
"0363100012177258","1689"
"0363100012178975","1692"
"0363100012180220","1728"
"0363100012181109","1005"
"0363100012182458","1690"
"0363100012182647","1998"
"0363100012182924","1992"
"0363100012170297","1955"
"0363100012175312","1783"
"0363100012175727","1785"
"0363100012179468","1718"
"0363100012180912","1764"
"0363100012182096","1898"
"0363100012182929","1891"
"0363100012183011","1905"
"0363100012183074","1780"
"0363100012571473","1970"
"0363100012168172","1643"
"0363100012170314","2006"
"0363100012170504","1854"
"0363100012171090","1900"
"0363100012171820","1675"
"0363100012176129","1905"
"0363100012178107","1986"
"0363100012178163","1697"
"0363100012178616","1743"
"0363100012178792","1703"
"0363100012178794","1728"
"0363100012179455","1904"
"0363100012181964","1733"
"0363100012182359","1929"
"0363100012571675","1825"
"0363100012165497","1736"
"0363100012171202","1662"
"0363100012171633","1696"
"0363100012172050","1635"
"0363100012178983","1728"
"0363100012182080","1905"
"0363100012182174","1901"
"0363100012182510","1825"
"0363100012165077","1924"
"0363100012167484","1685"
"0363100012167563","1648"
"0363100012170371","2001"
"0363100012171023","1670"
"0363100012175566","1751"
"0363100012175685","1780"
"0363100012177209","1709"
"0363100012178154","1978"
"0363100012178448","1948"
"0363100012179457","1850"
"0363100012180278","1905"
"0363100012182199","1850"
"0363100012182524","1848"
"0363100012251814","2005"
"0363100012169159","1785"
"0363100012175009","1690"
"0363100012175642","1771"
"0363100012175882","1773"
"0363100012177787","1905"
"0363100012180940","1889"
"0363100012181120","1932"
"0363100012181837","1005"
"0363100012251338","2023"
"0363100012168381","1788"
"0363100012170915","1998"
"0363100012171042","1670"
"0363100012171548","1766"
"0363100012171694","1765"
"0363100012175264","1774"
"0363100012176769","1769"
"0363100012178445","1733"
"0363100012178860","1721"
"0363100012179212","1671"
"0363100012180089","1733"
"0363100012181613","1988"
"0363100012571655","1820"
"0363100012170303","1923"
"0363100012171132","1744"
"0363100012171248","1723"
"0363100012171550","1935"
"0363100012176762","1905"
"0363100012178092","1862"
"0363100012178798","1880"
"0363100012178830","1725"
"0363100012178873","1720"
"0363100012182807","1758"
"0363100012185778","1660"
"0363100012165615","1998"
"0363100012175879","1798"
"0363100012177208","1748"
"0363100012178081","1819"
"0363100012178392","1815"
"0363100012178582","1714"
"0363100012178988","1826"
"0363100012179864","1743"
"0363100012182465","1965"
"0363100012182527","1718"
"0363100012571629","1905"
"0363100012168334","1874"
"0363100012171126","1748"
"0363100012171252","1738"
"0363100012171819","1722"
"0363100012178123","2016"
"0363100012178693","1780"
"0363100012179131","1801"
"0363100012179546","1905"
"0363100012181756","1905"
"0363100012182214","1793"
"0363100012182701","1905"
"0363100100091822","2000"
"0363100012165130","1863"
"0363100012167924","1728"
"0363100012167996","1760"
"0363100012168182","1724"
"0363100012171156","1988"
"0363100012171989","1969"
"0363100012175502","1905"
"0363100012178216","1005"
"0363100012179307","1905"
"0363100012180405","1734"
"0363100012181859","1902"
"0363100012182624","1712"
"0363100012182942","1710"
"0363100012571662","1905"
"0363100012165046","1725"
"0363100012171430","1823"
"0363100012171587","1909"
"0363100012175463","1727"
"0363100012175876","1834"
"0363100012177438","1670"
"0363100012178985","1987"
"0363100012180162","1717"
"0363100012181027","1905"
"0363100012182529","1722"
"0363100012182610","1905"
"0363100012254186","2021"
"0363100012171088","1991"
"0363100012171818","1735"
"0363100012175598","1905"
"0363100012177004","1720"
"0363100012177092","1977"
"0363100012178210","1650"
"0363100012182040","1984"
"0363100012182950","1989"
"0363100012165762","1774"
"0363100012170370","1998"
"0363100012171171","1005"
"0363100012175677","1993"
"0363100012177205","1005"
"0363100012178191","1986"
"0363100012178759","1935"
"0363100012179287","1716"
"0363100012179853","1005"
"0363100012181200","1932"
"0363100012181862","1765"
"0363100012182493","1892"
"0363100012182517","1863"
"0363100012571503","1696"
"0363100012165554","1984"
"0363100012175156","1905"
"0363100012177775","1905"
"0363100012178110","1932"
"0363100012178661","1650"
"0363100012181122","1005"
"0363100012181874","1939"
"0363100012182319","1768"
"0363100012182356","1777"
"0363100012182739","1889"
"0363100012167509","1808"
"0363100012167900","1680"
"0363100012168338","1673"
"0363100012175157","1905"
"0363100012179940","1758"
"0363100012254457","2022"
"0363100012167551","1650"
"0363100012167570","1694"
"0363100012169281","1733"
"0363100012170440","1885"
"0363100012171406","1835"
"0363100012178108","1989"
"0363100012178761","1005"
"0363100012178898","1986"
"0363100012179402","1738"
"0363100012179530","1756"
"0363100012180232","1712"
"0363100012180408","1760"
"0363100012181107","1005"
"0363100012182185","1957"
"0363100012167979","1912"
"0363100012168324","1923"
"0363100012171831","1905"
"0363100012175165","1951"
"0363100012175257","1757"
"0363100012175604","1900"
"0363100012177085","1715"
"0363100012177087","1005"
"0363100012177626","1986"
"0363100012177776","1709"
"0363100012178134","1690"
"0363100012178614","1862"
"0363100012179538","1688"
"0363100012182225","1700"
"0363100012182323","1765"
"0363100012183088","1854"
"0363100012171296","1748"
"0363100012171316","1905"
"0363100012171636","1662"
"0363100012171993","1974"
"0363100012175032","1606"
"0363100012176085","1754"
"0363100012178129","1905"
"0363100012178679","1739"
"0363100012180196","1686"
"0363100012181453","1866"
"0363100012182032","1905"
"0363100012253809","1905"
"0363100012170421","1905"
"0363100012170623","2006"
"0363100012171419","1905"
"0363100012175469","1880"
"0363100012175955","1751"
"0363100012176924","1792"
"0363100012178385","1727"
"0363100012178943","1005"
"0363100012179396","1739"
"0363100012182182","1905"
"0363100012167892","1788"
"0363100012170426","1849"
"0363100012171420","1869"
"0363100012179395","1650"
"0363100012179875","1746"
"0363100012181106","1005"
"0363100012186295","1988"
"0363100012240258","2018"
"0363100012165114","1750"
"0363100012170563","1998"
"0363100012171661","1668"
"0363100012171685","1793"
"0363100012175672","1765"
"0363100012176255","1726"
"0363100012180205","1775"
"0363100012182603","1773"
"0363100012182612","1826"
"0363100012165076","1700"
"0363100012176074","1988"
"0363100012176766","1727"
"0363100012176844","1650"
"0363100012178077","1737"
"0363100012178844","1728"
"0363100012180127","1718"
"0363100012180192","1940"
"0363100012181285","1005"
"0363100012246216","2017"
"0363100012165109","1894"
"0363100012167961","1740"
"0363100012167977","1005"
"0363100012168326","1675"
"0363100012168478","1700"
"0363100012170929","1695"
"0363100012171388","1905"
"0363100012171452","1951"
"0363100012175808","2004"
"0363100012178853","1665"
"0363100012179779","1700"
"0363100012179859","1610"
"0363100012182053","1005"
"0363100012182791","1714"
"0363100012250983","1926"
"0363100012571683","1697"
"0363100012167482","1695"
"0363100012168058","1755"
"0363100012168531","1984"
"0363100012171052","1672"
"0363100012171409","1969"
"0363100012171435","1687"
"0363100012175494","1725"
"0363100012175633","1938"
"0363100012175761","1905"
"0363100012177721","1725"
"0363100012178755","1701"
"0363100012178861","1666"
"0363100012180233","1675"
"0363100012181303","1981"
"0363100012182573","1625"
"0363100012182631","1939"
"0363100012253807","1904"
"0363100012164946","1975"
"0363100012175553","1988"
"0363100012176155","1935"
"0363100012177829","1005"
"0363100012179627","1988"
"0363100012181198","1891"
"0363100012181281","1828"
"0363100012168471","1865"
"0363100012170923","1911"
"0363100012171181","1730"
"0363100012175229","1777"
"0363100012175674","1740"
"0363100012178660","1798"
"0363100012178692","1938"
"0363100012178877","1880"
"0363100012180314","1718"
"0363100012181093","1861"
"0363100012182499","1732"
"0363100012167895","1669"
"0363100012170422","1980"
"0363100012171620","1736"
"0363100012175161","1725"
"0363100012175464","1721"
"0363100012175589","1720"
"0363100012178158","1816"
"0363100012178466","1953"
"0363100012179106","1766"
"0363100012179860","1905"
"0363100012180931","1891"
"0363100012181978","1728"
"0363100012182932","1957"
"0363100012168173","1987"
"0363100012169333","1740"
"0363100012170630","1834"
"0363100012171136","1905"
"0363100012171414","1686"
"0363100012175716","1725"
"0363100012176241","1005"
"0363100012177782","1964"
"0363100012178644","1905"
"0363100012178712","1818"
"0363100012178971","1700"
"0363100012180920","1776"
"0363100012181268","1005"
"0363100012182009","1879"
"0363100012182103","1905"
"0363100012182320","1983"
"0363100012182687","1992"
"0363100012169337","1905"
"0363100012170920","1983"
"0363100012175632","1779"
"0363100012176245","1900"
"0363100012177868","1764"
"0363100012178672","1690"
"0363100012181523","1975"
"0363100012182351","1820"
"0363100012182525","1805"
"0363100012571559","1850"
"0363100012571650","1954"
"0363100012571652","1905"
"0363100012165623","1905"
"0363100012167598","1005"
"0363100012168473","1760"
"0363100012171585","1905"
"0363100012175276","1734"
"0363100012175741","1819"
"0363100012175999","1660"
"0363100012177098","1935"
"0363100012177444","1891"
"0363100012179473","1635"
"0363100012180164","1852"
"0363100012181977","1895"
"0363100012182793","1905"
"0363100012182904","2001"
"0363100012182939","1750"
"0363100012254435","2022"
"0363100012571636","1905"
"0363100012167491","1700"
"0363100012170556","1005"
"0363100012171024","1670"
"0363100012175256","1737"
"0363100012177872","1759"
"0363100012178306","1840"
"0363100012179460","1890"
"0363100012180211","1470"
"0363100012181871","1964"
"0363100012182033","1905"
"0363100012182992","1785"
"0363100012170262","1905"
"0363100012170431","1889"
"0363100012171992","1695"
"0363100012176165","1992"
"0363100012177182","1735"
"0363100012180338","1914"
"0363100012181527","1857"
"0363100012181764","1905"
"0363100012181845","1005"
"0363100012182091","1796"
"0363100012182269","1954"
"0363100012185850","1720"
"0363100012165009","1840"
"0363100012165489","1887"
"0363100012168141","1665"
"0363100012169341","1750"
"0363100012175881","1738"
"0363100012177153","1935"
"0363100012180076","1720"
"0363100012182782","1784"
"0363100012168389","1671"
"0363100012171673","1905"
"0363100012175306","1745"
"0363100012178611","1768"
"0363100012178857","1905"
"0363100012181901","1889"
"0363100012182321","1840"
"0363100012254464","2022"
"0363100012571956","1898"
"0363100012167504","1819"
"0363100012169334","1740"
"0363100012170435","1807"
"0363100012171200","1793"
"0363100012171291","1806"
"0363100012171707","1820"
"0363100012177261","1931"
"0363100012178465","1990"
"0363100012178668","1675"
"0363100012179334","1685"
"0363100012179809","1725"
"0363100012180407","1005"
"0363100012181445","1866"
"0363100012182700","1983"
"0363100012165016","1742"
"0363100012170423","1800"
"0363100012170928","1990"
"0363100012171629","1765"
"0363100012175669","1635"
"0363100012177599","1750"
"0363100012178113","1833"
"0363100012178829","1735"
"0363100012178941","1666"
"0363100012180202","1005"
"0363100012180215","1715"
"0363100012180455","1897"
"0363100012181607","1981"
"0363100012182497","1720"
"0363100012253944","1914"
"0363100012170503","1905"
"0363100012175265","1762"
"0363100012175488","1810"
"0363100012175501","1757"
"0363100012179304","1690"
"0363100012181898","1938"
"0363100012182618","1905"
"0363100012186190","1980"
"0363100012165081","1905"
"0363100012168001","1986"
"0363100012168189","1719"
"0363100012171318","1694"
"0363100012175152","1708"
"0363100012176057","1905"
"0363100012177443","1891"
"0363100012178848","1666"
"0363100012182332","1778"
"0363100012182498","1730"
"0363100012182819","1750"
"0363100012254463","2022"
"0363100012165686","1870"
"0363100012167505","1927"
"0363100012171312","1905"
"0363100012171813","1713"
"0363100012175216","1965"
"0363100012176066","1730"
"0363100012178095","1905"
"0363100012178130","1688"
"0363100012178573","1822"
"0363100012178909","1905"
"0363100012178979","1905"
"0363100012180208","1005"
"0363100012180453","1952"
"0363100012181267","1891"
"0363100012182235","1905"
"0363100012182682","1850"
"0363100012182907","1607"
"0363100012171621","1973"
"0363100012178155","1005"
"0363100012178676","1675"
"0363100012178895","1856"
"0363100012178981","1905"
"0363100012178984","1005"
"0363100012179531","1676"
"0363100012180469","1891"
"0363100012182988","1982"
"0363100012167571","1657"
"0363100012168384","1908"
"0363100012171576","1905"
"0363100012176170","1735"
"0363100012176257","1720"
"0363100012177207","1822"
"0363100012178367","1757"
"0363100012178589","1810"
"0363100012179403","1711"
"0363100012181881","1795"
"0363100012182619","1750"
"0363100012182633","1943"
"0363100012253943","1906"
"0363100012254436","2022"
"0363100012571494","1741"
"0363100012164952","1870"
"0363100012168044","1725"
"0363100012168110","1730"
"0363100012170497","1650"
"0363100012171050","1671"
"0363100012171323","1903"
"0363100012175985","1669"
"0363100012178957","1749"
"0363100012182195","1005"
"0363100012182457","1910"
"0363100012183061","1983"
"0363100012167488","1700"
"0363100012168200","1710"
"0363100012171624","1934"
"0363100012175597","1905"
"0363100012178087","1720"
"0363100012182644","1981"
"0363100012254450","2022"
"0363100012167559","1712"
"0363100012167962","1670"
"0363100012168375","1649"
"0363100012170492","1896"
"0363100012170770","1820"
"0363100012178220","1995"
"0363100012178949","1710"
"0363100012180334","1895"
"0363100012182238","1005"
"0363100012182511","1005"
"0363100012182726","1750"
"0363100012253806","1929"
"0363100012165501","1809"
"0363100012168239","1765"
"0363100012169336","1775"
"0363100012171687","2019"
"0363100012175497","1697"
"0363100012175729","1905"
"0363100012178135","1986"
"0363100012178967","1894"
"0363100012180153","1770"
"0363100012181040","1870"
"0363100012181848","2000"
"0363100012182081","1650"
"0363100012182772","1900"
"0363100012182796","1983"
"0363100012183068","1729"
"0363100012247432","2018"
"0363100012165685","1973"
"0363100012167556","1706"
"0363100012167564","1964"
"0363100012168484","1816"
"0363100012171553","1837"
"0363100012171682","1905"
"0363100012175622","1005"
"0363100012176771","1743"
"0363100012177201","1747"
"0363100012178682","1700"
"0363100012181302","1809"
"0363100012165618","1972"
"0363100012170360","1005"
"0363100012171372","1989"
"0363100012175957","1734"
"0363100012178380","1900"
"0363100012179625","1005"
"0363100012182048","1937"
"0363100012182218","1715"
"0363100012182467","1905"
"0363100012182514","1984"
"0363100012182641","1981"
"0363100012182815","1941"
"0363100012164940","1992"
"0363100012169735","1985"
"0363100012170617","1990"
"0363100012177099","1710"
"0363100012177124","1736"
"0363100012177781","1650"
"0363100012178226","1606"
"0363100012178732","1723"
"0363100012178875","1718"
"0363100012179209","1005"
"0363100012180191","1727"
"0363100012181216","1981"
"0363100012182794","1697"
"0363100012186092","1985"
"0363100012571645","1934"
"0363100012171135","1985"
"0363100012171411","1670"
"0363100012171617","1750"
"0363100012175551","1905"
"0363100012175678","1738"
"0363100012175682","1650"
"0363100012178133","1688"
"0363100012178663","1788"
"0363100012178705","1721"
"0363100012180933","1891"
"0363100012181038","1870"
"0363100012181209","1912"
"0363100012181834","1005"
"0363100012181870","1775"
"0363100012167569","1971"
"0363100012175509","1734"
"0363100012179399","1005"
"0363100012179632","1780"
"0363100012181360","1875"
"0363100012181522","1975"
"0363100012182012","1857"
"0363100012182267","1859"
"0363100012182526","1749"
"0363100012165292","1742"
"0363100012167476","1708"
"0363100012167603","1738"
"0363100012167999","1749"
"0363100012168288","1781"
"0363100012171340","1749"
"0363100012176061","1710"
"0363100012177467","1725"
"0363100012178637","1748"
"0363100012181864","1815"
"0363100012182013","1854"
"0363100012182997","1889"
"0363100012249791","2019"
"0363100100091821","2000"
"0363100012164938","1782"
"0363100012170359","1868"
"0363100012175505","1719"
"0363100012175601","1791"
"0363100012176054","1795"
"0363100012176058","1651"
"0363100012176068","1670"
"0363100012177154","1655"
"0363100012180050","1903"
"0363100012182020","1855"
"0363100012182322","1827"
"0363100012182899","1821"
"0363100012182926","1878"
"0363100012247454","2018"
"0363100012253859","1725"
"0363100012168053","1827"
"0363100012168396","1700"
"0363100012171166","1938"
"0363100012171237","1995"
"0363100012171690","1820"
"0363100012175012","1761"
"0363100012176931","1766"
"0363100012178127","1685"
"0363100012182046","1998"
"0363100012182052","1606"
"0363100012182058","1005"
"0363100012167572","1715"
"0363100012170361","1899"
"0363100012170363","1897"
"0363100012171211","1726"
"0363100012171342","1742"
"0363100012175018","1995"
"0363100012175263","1005"
"0363100012175268","1347"
"0363100012175759","1650"
"0363100012178369","1728"
"0363100012178683","1995"
"0363100012178793","1721"
"0363100012180305","1675"
"0363100012181832","1998"
"0363100012181969","1734"
"0363100012182030","1876"
"0363100012182896","1969"
"0363100012170428","1791"
"0363100012170850","1991"
"0363100012171049","1005"
"0363100012171834","1990"
"0363100012171990","2005"
"0363100012175472","1894"
"0363100012175563","1751"
"0363100012177161","1773"
"0363100012177610","1639"
"0363100012178074","1751"
"0363100012178734","1905"
"0363100012178963","1715"
"0363100012180195","1914"
"0363100012180465","1898"
"0363100012182949","1989"
"0363100012253738","1898"
"0363100012170615","1975"
"0363100012171560","1680"
"0363100012175511","1900"
"0363100012176133","1746"
"0363100012177270","1685"
"0363100012177856","1861"
"0363100012178096","1985"
"0363100012178701","1939"
"0363100012178858","1905"
"0363100012179882","1760"
"0363100012182064","1005"
"0363100012182577","1659"
"0363100012183085","1854"
"0363100012253749","1891"
"0363100012168472","1837"
"0363100012170369","1938"
"0363100012171311","1996"
"0363100012175225","1732"
"0363100012176927","1707"
"0363100012177871","1990"
"0363100012178901","1974"
"0363100012181213","1933"
"0363100012181968","1005"
"0363100012182019","1879"
"0363100100091429","2024"
"0363100012171680","1934"
"0363100012178366","1905"
"0363100012179476","1905"
"0363100012179855","1005"
"0363100012180910","1615"
"0363100012181299","1688"
"0363100012182210","1957"
"0363100012183072","1773"
"0363100012241677","2010"
"0363100012167974","1770"
"0363100012170355","1924"
"0363100012171693","1830"
"0363100012177166","1781"
"0363100012179299","1710"
"0363100012168534","1970"
"0363100012171084","1690"
"0363100012171094","1738"
"0363100012171564","1767"
"0363100012175631","1905"
"0363100012176246","1717"
"0363100012181287","1005"
"0363100012182060","1005"
"0363100012182246","1822"
"0363100012182579","1983"
"0363100012182758","1900"
"0363100012182787","1905"
"0363100012239849","2008"
"0363100012243264","2018"
"0363100012168000","1781"
"0363100012168145","1694"
"0363100012171240","1776"
"0363100012171249","1790"
"0363100012171586","1896"
"0363100012175467","1759"
"0363100012175587","1913"
"0363100012175735","1005"
"0363100012175813","1869"
"0363100012176244","1972"
"0363100012179532","1736"
"0363100012167616","1005"
"0363100012170901","1905"
"0363100012171570","1670"
"0363100012175017","1705"
"0363100012175230","1905"
"0363100012175736","1788"
"0363100012179391","2003"
"0363100012179861","1711"
"0363100012179888","1725"
"0363100012180210","1718"
"0363100012180911","1005"
"0363100012181963","1005"
"0363100012182566","1977"
"0363100012165121","1716"
"0363100012168348","1347"
"0363100012170436","1810"
"0363100012171180","1990"
"0363100012175151","1699"
"0363100012175258","1775"
"0363100012176163","1690"
"0363100012176753","1005"
"0363100012179397","1650"
"0363100012182100","1998"
"0363100012182265","1005"
"0363100012182554","1730"
"0363100012571631","1905"
"0363100012178631","1905"
"0363100012178976","1887"
"0363100012179386","1005"
"0363100012180047","1690"
"0363100012180947","1889"
"0363100012181111","1910"
"0363100012181203","1933"
"0363100012183084","1849"
"0363100012171212","1780"
"0363100012177823","1998"
"0363100012178078","1988"
"0363100012178221","1712"
"0363100012178952","1744"
"0363100012179330","1856"
"0363100012181836","1827"
"0363100012181973","1005"
"0363100012165008","1606"
"0363100012168320","1719"
"0363100012171681","1885"
"0363100012177790","1768"
"0363100012179465","1895"
"0363100012182177","1826"
"0363100012182330","1985"
"0363100012182506","1800"
"0363100012571293","2017"
"0363100012571557","1850"
"0363100012165083","1665"
"0363100012172017","1934"
"0363100012178122","1690"
"0363100012178649","1697"
"0363100012181211","1910"
"0363100012181451","1866"
"0363100012253315","2022"
"0363100012571637","1981"
"0363100012168335","1668"
"0363100012168480","1722"
"0363100012170690","1735"
"0363100012175218","1923"
"0363100012177105","1675"
"0363100012178114","1809"
"0363100012178115","1807"
"0363100012178199","1851"
"0363100012180932","1891"
"0363100012181974","1979"
"0363100012182236","2013"
"0363100012170554","1981"
"0363100012170683","1981"
"0363100012171615","1750"
"0363100012175352","1735"
"0363100012178382","1793"
"0363100012179298","1685"
"0363100012181024","1005"
"0363100012182066","1938"
"0363100012182355","1933"
"0363100012167927","1700"
"0363100012168059","1709"
"0363100012177199","1748"
"0363100012178531","1992"
"0363100012178652","1905"
"0363100012181023","1005"
"0363100012254466","2022"
"0363100012165075","1700"
"0363100012167925","1787"
"0363100012175804","1905"
"0363100012175981","1660"
"0363100012177628","1716"
"0363100012178694","1680"
"0363100012182233","1905"
"0363100012182628","1738"
"0363100012182649","1998"
"0363100012183000","1897"
"0363100012169739","1807"
"0363100012171568","1670"
"0363100012171588","1995"
"0363100012175499","1905"
"0363100012175809","1898"
"0363100012175811","1916"
"0363100012175878","1773"
"0363100012176056","1931"
"0363100012177789","1682"
"0363100012182069","1938"
"0363100012182456","1695"
"0363100012182575","1947"
"0363100012171451","1625"
"0363100012181841","1993"
"0363100012181843","1005"
"0363100012169743","1896"
"0363100012171614","1737"
"0363100012175591","1804"
"0363100012177690","1929"
"0363100012177691","1929"
"0363100012177824","1795"
"0363100012178666","1905"
"0363100012179852","1005"
"0363100012179951","1663"
"0363100012180463","1956"
"0363100012181611","1600"
"0363100012182614","1887"
"0363100012170911","1900"
"0363100012171995","1905"
"0363100012175668","1900"
"0363100012178102","1804"
"0363100012179308","1671"
"0363100012179474","1558"
"0363100012181863","1803"
"0363100012254921","2024"
"0363100012165116","1005"
"0363100012165558","1984"
"0363100012170311","1938"
"0363100012170434","1790"
"0363100012171552","1744"
"0363100012171563","2019"
"0363100012175590","1720"
"0363100012175687","1641"
"0363100012177828","1005"
"0363100012178707","1675"
"0363100012178945","1719"
"0363100012179133","1960"
"0363100012181108","1960"
"0363100012181112","1844"
"0363100012181186","1866"
"0363100012181298","1796"
"0363100012181831","1993"
"0363100012186087","1845"
"0363100012253758","1750"
"0363100012165082","1735"
"0363100012170368","1766"
"0363100012175029","1767"
"0363100012175515","1721"
"0363100012175890","1754"
"0363100012178640","1642"
"0363100012179385","2004"
"0363100012179542","1702"
"0363100012179783","1005"
"0363100012181847","2000"
"0363100012181899","1971"
"0363100012182809","1978"
"0363100012253551","2019"
"0363100012171370","2006"
"0363100012175663","1752"
"0363100012176067","1730"
"0363100012178156","1982"
"0363100012178948","1744"
"0363100012179208","1005"
"0363100012181189","1903"
"0363100012181205","1981"
"0363100012165553","1681"
"0363100012168350","1914"
"0363100012171345","1672"
"0363100012175623","1805"
"0363100012177695","1757"
"0363100012177875","1750"
"0363100012178304","1750"
"0363100012178384","1623"
"0363100012178612","1761"
"0363100012178789","1880"
"0363100012178978","1666"
"0363100012181844","1725"
"0363100012182085","1905"
"0363100012182727","1939"
"0363100012253951","1898"
"0363100012254449","2022"
"0363100012167980","1684"
"0363100012170318","1933"
"0363100012171371","1900"
"0363100012175636","1650"
"0363100012175646","1005"
"0363100012178386","1708"
"0363100012180406","1005"
"0363100012182913","1976"
"0363100012250981","1662"
"0363100012571653","1910"
"0363100012178136","1688"
"0363100012180029","1749"
"0363100012180159","1749"
"0363100012180948","1897"
"0363100012181104","1998"
"0363100012181283","1005"
"0363100012181760","1700"
"0363100012181887","1905"
"0363100012182203","1862"
"0363100012185998","1668"
"0363100012247057","2018"
"0363100012251285","2020"
"0363100012571677","1851"
"0363100012168286","1793"
"0363100012169157","1795"
"0363100012177878","1734"
"0363100012180411","1988"
"0363100012183086","1849"
"0363100012168179","1724"
"0363100012171129","1744"
"0363100012171201","1781"
"0363100012171551","1835"
"0363100012175662","1005"
"0363100012176052","1811"
"0363100012178955","1706"
"0363100012179938","1742"
"0363100012179942","1734"
"0363100012181763","1734"
"0363100012181913","1852"
"0363100012182464","1733"
"0363100012182908","1695"
"0363100012165110","1768"
"0363100012170687","1981"
"0363100012171436","1687"
"0363100012171904","1907"
"0363100012176252","1708"
"0363100012178647","1626"
"0363100012178702","2005"
"0363100012178859","1683"
"0363100012179127","1994"
"0363100012179335","1685"
"0363100012179959","1625"
"0363100012180943","1834"
"0363100012181894","1921"
"0363100012168532","1800"
"0363100012170498","1922"
"0363100012175654","1680"
"0363100012176749","1680"
"0363100012176756","1770"
"0363100012178764","1005"
"0363100012178887","1731"
"0363100012181126","1905"
"0363100012181612","1879"
"0363100012165042","1743"
"0363100012167501","1727"
"0363100012175659","1700"
"0363100012176231","1736"
"0363100012176236","1875"
"0363100012178165","1005"
"0363100012179108","1920"
"0363100012180039","1693"
"0363100012181359","1887"
"0363100012253832","1930"
"0363100012571635","1905"
"0363100012168465","1817"
"0363100012175008","1926"
"0363100012175883","1783"
"0363100012178208","1992"
"0363100012178968","1905"
"0363100012182097","1934"
"0363100012182205","1854"
"0363100012182230","1005"
"0363100012253867","1878"
"0363100012168380","1760"
"0363100012168388","1712"
"0363100012168529","1880"
"0363100012170316","1933"
"0363100012170848","1891"
"0363100012171390","1905"
"0363100012171506","1720"
"0363100012171625","1750"
"0363100012175996","1710"
"0363100012176075","1743"
"0363100012178093","1990"
"0363100012178783","1905"
"0363100012178954","1710"
"0363100012180204","1005"
"0363100012180312","1711"
"0363100012181757","1853"
"0363100012182061","1938"
"0363100012182998","1889"
"0363100012243495","2018"
"0363100012167625","1754"
"0363100012171082","1900"
"0363100012171158","1905"
"0363100012175313","1773"
"0363100012175562","1691"
"0363100012176071","1723"
"0363100012177256","1685"
"0363100012179808","1740"
"0363100012181866","1839"
"0363100012182014","1905"
"0363100012571674","1905"
"0363100012165625","1921"
"0363100012171416","1750"
"0363100012175271","1741"
"0363100012175635","1905"
"0363100012176127","1770"
"0363100012177435","1690"
"0363100012177773","1905"
"0363100012178969","1905"
"0363100012179126","1810"
"0363100012181369","1900"
"0363100012181614","1750"
"0363100012181893","1998"
"0363100012182057","1005"
"0363100012164937","1886"
"0363100012175507","1722"
"0363100012178801","1676"
"0363100012182333","1662"
"0363100012182990","1905"
"0363100012165112","1750"
"0363100012177074","1690"
"0363100012178149","1878"
"0363100012178205","1735"
"0363100012178447","1959"
"0363100012181895","1005"
"0363100012165616","1999"
"0363100012171562","1687"
"0363100012175223","1742"
"0363100012177682","1718"
"0363100012177720","1597"
"0363100012177745","1748"
"0363100012178974","1742"
"0363100012179301","1837"
"0363100012179877","1718"
"0363100012181218","1905"
"0363100012182328","1789"
"0363100012165560","1983"
"0363100012170561","1824"
"0363100012178585","1746"
"0363100012178772","1005"
"0363100012182984","1905"
"0363100012168055","1733"
"0363100012170304","1992"
"0363100012179624","1757"
"0363100012180341","1880"
"0363100012182623","1746"
"0363100012182806","1939"
"0363100012171209","1737"
"0363100012176239","1005"
"0363100012176752","1894"
"0363100012178950","1905"
"0363100012181865","1938"
"0363100012182427","1670"
"0363100012167893","1733"
"0363100012168343","1879"
"0363100012168390","1735"
"0363100012175231","1788"
"0363100012177858","1698"
"0363100012178587","1685"
"0363100012178773","1714"
"0363100012178879","1697"
"0363100012179459","1724"
"0363100012181884","1905"
"0363100012182237","1005"
"0363100012182329","1983"
"0363100012182684","1983"
"0363100012171391","1935"
"0363100012171408","1969"
"0363100012171410","1666"
"0363100012175486","1691"
"0363100012175988","1660"
"0363100012177260","1726"
"0363100012177681","1870"
"0363100012178656","1005"
"0363100012179337","1688"
"0363100012179466","1724"
"0363100012180130","1722"
"0363100012181838","1005"
"0363100012182206","1866"
"0363100012183051","1986"
"0363100012164962","1911"
"0363100012167960","1715"
"0363100012168187","1730"
"0363100012168197","1905"
"0363100012170897","1953"
"0363100012171061","1936"
"0363100012171415","1672"
"0363100012175217","1005"
"0363100012175484","1725"
"0363100012175565","1640"
"0363100012177094","1692"
"0363100012177864","1745"
"0363100012178201","1719"
"0363100012178645","1641"
"0363100012178765","1005"
"0363100012181850","1005"
"0363100012181885","1905"
"0363100012182173","1902"
"0363100012254471","2017"
"0363100012167894","1737"
"0363100012168346","1707"
"0363100012170309","1998"
"0363100012170315","1880"
"0363100012171161","1905"
"0363100012171393","1803"
"0363100012171433","1768"
"0363100012171627","1982"
"0363100012175026","1737"
"0363100012176160","1798"
"0363100012178192","1986"
"0363100012178567","1995"
"0363100012179785","1758"
"0363100012181215","1981"
"0363100012570566","1670"
"0363100012167552","1650"
"0363100012167958","1670"
"0363100012168378","1737"
"0363100012169280","1765"
"0363100012171507","1672"
"0363100012176761","1905"
"0363100012178111","1814"
"0363100012178446","1672"
"0363100012179303","1905"
"0363100012181207","1902"
"0363100012182694","1782"
"0363100012165117","1625"
"0363100012170622","1774"
"0363100012170688","1981"
"0363100012170899","1720"
"0363100012178881","1748"
"0363100012178986","1885"
"0363100012181846","2000"
"0363100012181854","1005"
"0363100012169732","1985"
"0363100012175643","1905"
"0363100012177125","1750"
"0363100012177620","1885"
"0363100012177861","1005"
"0363100012178359","1905"
"0363100012178788","1880"
"0363100012181185","1884"
"0363100012181910","1750"
"0363100012182240","1005"
"0363100012182634","1694"
"0363100100091823","2000"
"0363100012167623","1900"
"0363100012171936","1761"
"0363100012175338","1728"
"0363100012177259","1688"
"0363100012181873","1005"
"0363100012181875","1841"
"0363100012182571","1693"
"0363100012253810","1905"
"0363100012169210","1675"
"0363100012171554","1984"
"0363100012171832","1725"
"0363100012175738","1789"
"0363100012176169","1992"
"0363100012177719","1725"
"0363100012178685","1731"
"0363100012178867","1762"
"0363100012178874","1731"
"0363100012181208","1962"
"0363100012181805","1998"
"0363100012181896","1005"
"0363100012168181","1718"
"0363100012170253","1997"
"0363100012170501","1878"
"0363100012171574","1902"
"0363100012182228","1700"
"0363100012182817","1704"
"0363100012186290","1899"
"0363100012171301","1905"
"0363100012171567","1767"
"0363100012175958","1702"
"0363100012175978","1710"
"0363100012178787","1756"
"0363100012179477","1754"
"0363100012182657","1927"
"0363100012247577","1600"
"0363100012168287","1762"
"0363100012171616","1901"
"0363100012175564","1716"
"0363100012177697","1650"
"0363100012177876","1726"
"0363100012178669","1699"
"0363100012178956","1725"
"0363100012179404","1650"
"0363100012181876","1984"
"0363100012183063","1900"
"0363100012167983","1861"
"0363100012171044","1790"
"0363100012171215","1714"
"0363100012171412","1697"
"0363100012171612","1987"
"0363100012175997","1710"
"0363100012178393","1647"
"0363100012178638","1693"
"0363100012178757","1005"
"0363100012179123","1005"
"0363100012179941","1752"
"0363100012180259","1719"
"0363100012182429","1680"
"0363100012165496","1961"
"0363100012171589","1725"
"0363100012175603","1791"
"0363100012177271","1695"
"0363100012178791","1005"
"0363100012182196","1900"
"0363100012182679","1741"
"0363100012253765","1841"
"0363100012176925","1780"
"0363100012178641","1643"
"0363100012178664","1988"
"0363100012180134","1005"
"0363100012182492","1673"
"0363100012182642","1865"
"0363100012254392","2021"
"0363100012254468","2022"
